gender,count,selection_rate,accuracy,error_rate,TPR,FPR
Female,10943.0,0.002284565475646532,0.8859544914557251,0.11404550854427488,0.003249390739236393,0.0021622734761120263
Male,9411.0,0.001275103602167676,0.8894910211454681,0.11050897885453193,0.0057692307692307696,0.0007167602436984828
