{
  "baseline": {
    "auc": 0.6225582009157685,
    "f1": 0.0,
    "acc": 0.8884248796305394
  },
  "tstr": {
    "auc": 0.5416598880259875,
    "f1": 0.008665511265164644,
    "acc": 0.8875896629655105
  }
}