{
  "baseline": {
    "auc": 0.6225582009157685,
    "f1": 0.0,
    "acc": 0.8884248796305394
  },
  "tstr": {
    "auc": 0.5263068604372912,
    "f1": 0.10338190816607094,
    "acc": 0.839785791490616
  }
}