{
  "baseline": {
    "auc": 0.6225582496172731,
    "f1": 0.0,
    "acc": 0.8884248796305394
  },
  "tstr": {
    "auc": 0.575202440588243,
    "f1": 0.000877963125548727,
    "acc": 0.8881792276702368
  }
}