{
  "baseline": {
    "auc": 0.6225582496172731,
    "f1": 0.0,
    "acc": 0.8884248796305394
  },
  "tstr": {
    "auc": 0.5800836706460423,
    "f1": 0.012760527435133985,
    "acc": 0.885968360027513
  }
}