{
  "baseline": {
    "auc": 0.6239168998433833,
    "f1": 0.0,
    "acc": 0.8884248796305394
  },
  "tstr": {
    "auc": 0.5633411647787894,
    "f1": 0.001756697408871322,
    "acc": 0.8883266188464184
  }
}