{
  "baseline": {
    "auc": 0.6239168998433833,
    "f1": 0.0,
    "acc": 0.8884248796305394
  },
  "tstr": {
    "auc": 0.5599769378894858,
    "f1": 0.06510607168983175,
    "acc": 0.8744227178932887
  }
}