{
  "baseline": {
    "auc": 0.6225581278635115,
    "f1": 0.0,
    "acc": 0.8884248796305394
  },
  "tstr": {
    "auc": 0.5594348901426767,
    "f1": 0.0017436791630340018,
    "acc": 0.8874914021813894
  }
}