{
  "baseline": {
    "auc": 0.6225581278635115,
    "f1": 0.0,
    "acc": 0.8884248796305394
  },
  "tstr": {
    "auc": 0.5160405345545332,
    "f1": 0.000878348704435661,
    "acc": 0.8882283580622974
  }
}