{
  "baseline": {
    "auc": 0.6225581278635115,
    "f1": 0.0,
    "acc": 0.8884248796305394
  },
  "tstr": {
    "auc": 0.5603462901007885,
    "f1": 0.0701497990500548,
    "acc": 0.8749631522059546
  }
}