gender,count,selection_rate,accuracy,error_rate,TPR,FPR
Female,10943.0,0.0018276523805172257,0.886045874074751,0.11395412592524902,0.0016246953696181965,0.0018533772652388797
Male,9411.0,0.000318775900541919,0.8891722452449261,0.11082775475507385,0.0,0.0003583801218492414
