race,count,selection_rate,accuracy,error_rate,TPR,FPR
AfricanAmerican,3953.0,0.0007589172780166962,0.8864153807235011,0.11358461927649886,0.0,0.000855431993156544
Asian,142.0,0.0,0.8943661971830986,0.1056338028169014,0.0,0.0
Caucasian,15141.0,0.0013209167162010435,0.8870616207648108,0.11293837923518922,0.0011806375442739079,0.0013385885327582361
Hispanic,411.0,0.0,0.8905109489051095,0.10948905109489052,0.0,0.0
Other,298.0,0.0,0.889261744966443,0.11073825503355705,0.0,0.0
Unknown,409.0,0.0,0.9070904645476773,0.09290953545232274,0.0,0.0
