sensitive_feature_0,count,selection_rate,accuracy,error_rate,TPR,FPR
AfricanAmerican|Female,2427.0,0.019365471775854966,0.8755665430572723,0.12443345694272764,0.026022304832713755,0.018535681186283594
AfricanAmerican|Male,1526.0,0.02621231979030144,0.86435124508519,0.13564875491480996,0.02824858757062147,0.025945144551519646
Asian|Female,65.0,0.0,0.9692307692307692,0.03076923076923077,0.0,0.0
Asian|Male,77.0,0.0,0.8311688311688312,0.16883116883116883,0.0,0.0
Caucasian|Female,7898.0,0.021904279564446696,0.8730058242593062,0.12699417574069385,0.04194260485651214,0.019307780320366133
Caucasian|Male,7243.0,0.02844125362418887,0.8754659671406876,0.12453403285931244,0.0583756345177665,0.024786986831913247
Hispanic|Female,218.0,0.0,0.9174311926605505,0.08256880733944955,0.0,0.0
Hispanic|Male,193.0,0.0,0.8601036269430051,0.13989637305699482,0.0,0.0
Other|Female,144.0,0.0,0.8680555555555556,0.13194444444444445,0.0,0.0
Other|Male,154.0,0.0,0.9090909090909091,0.09090909090909091,0.0,0.0
Unknown|Female,191.0,0.0,0.9109947643979057,0.08900523560209424,0.0,0.0
Unknown|Male,218.0,0.0,0.9036697247706422,0.0963302752293578,0.0,0.0
