race,count,selection_rate,accuracy,error_rate,TPR,FPR
AfricanAmerican,3953.0,0.02200860106248419,0.8712370351631672,0.12876296483683278,0.026905829596412557,0.0213857998289136
Asian,142.0,0.0,0.8943661971830986,0.1056338028169014,0.0,0.0
Caucasian,15141.0,0.025031371772009776,0.8741826827818506,0.1258173172181494,0.049586776859504134,0.021937978731315536
Hispanic,411.0,0.0,0.8905109489051095,0.10948905109489052,0.0,0.0
Other,298.0,0.0,0.889261744966443,0.11073825503355705,0.0,0.0
Unknown,409.0,0.0,0.9070904645476773,0.09290953545232274,0.0,0.0
