race,count,selection_rate,accuracy,error_rate,TPR,FPR
AfricanAmerican,3953.0,0.00025297242600556537,0.8869213255755123,0.11307867442448773,0.0,0.00028514399771884804
Asian,142.0,0.0,0.8943661971830986,0.1056338028169014,0.0,0.0
Caucasian,15141.0,0.002245558417541774,0.8870616207648108,0.11293837923518922,0.005312868949232586,0.0018591507399419946
Hispanic,411.0,0.0,0.8905109489051095,0.10948905109489052,0.0,0.0
Other,298.0,0.0,0.889261744966443,0.11073825503355705,0.0,0.0
Unknown,409.0,0.004889975550122249,0.9070904645476773,0.09290953545232274,0.02631578947368421,0.0026954177897574125
