{
  "baseline": {
    "auc": 0.6225581765650162,
    "f1": 0.0,
    "acc": 0.8884248796305394
  },
  "tstr": {
    "auc": 0.5416595471154549,
    "f1": 0.008665511265164644,
    "acc": 0.8875896629655105
  }
}