{
  "baseline": {
    "auc": 0.6225581765650162,
    "f1": 0.0,
    "acc": 0.8884248796305394
  },
  "tstr": {
    "auc": 0.5280290673956503,
    "f1": 0.0390032502708559,
    "acc": 0.8692640267269333
  }
}