{
  "baseline": {
    "auc": 0.6225581765650162,
    "f1": 0.0,
    "acc": 0.8884248796305394
  },
  "tstr": {
    "auc": 0.5263154319021106,
    "f1": 0.1034103410341034,
    "acc": 0.8398349218826766
  }
}