gender,count,selection_rate,accuracy,error_rate,TPR,FPR
Female,10943.0,0.0005482957141551677,0.887325230741113,0.11267476925888696,0.0016246953696181965,0.00041186161449752884
Male,9411.0,0.0,0.8894910211454681,0.11050897885453193,0.0,0.0
