{
  "baseline": {
    "auc": 0.6225582009157685,
    "f1": 0.0,
    "acc": 0.8884248796305394
  },
  "tstr": {
    "auc": 0.5263171121040212,
    "f1": 0.1034103410341034,
    "acc": 0.8398349218826766
  }
}