gender,count,selection_rate,accuracy,error_rate,TPR,FPR
Female,10943.0,0.0003655304761034451,0.887325230741113,0.11267476925888696,0.0008123476848090983,0.0003088962108731466
Male,9411.0,0.000318775900541919,0.8891722452449261,0.11082775475507385,0.0,0.0003583801218492414
