{
  "baseline": {
    "auc": 0.6225581522142639,
    "f1": 0.0,
    "acc": 0.8884248796305394
  },
  "tstr": {
    "auc": 0.575202586692757,
    "f1": 0.000877963125548727,
    "acc": 0.8881792276702368
  }
}