{
  "baseline": {
    "auc": 0.6225581522142639,
    "f1": 0.0,
    "acc": 0.8884248796305394
  },
  "tstr": {
    "auc": 0.5800842307133458,
    "f1": 0.012760527435133985,
    "acc": 0.885968360027513
  }
}