{
  "baseline": {
    "auc": 0.6225581522142638,
    "f1": 0.0,
    "acc": 0.8884248796305394
  },
  "tstr": {
    "auc": 0.5416613977726319,
    "f1": 0.008665511265164644,
    "acc": 0.8875896629655105
  }
}