{
  "exact_duplicate_rate": 0.0,
  "nn_percentile": 1.0,
  "nn_tau": 0.004389079946053768,
  "nn_leakage_rate": 0.005,
  "nn_dist_syn_mean": 0.053207795812551376,
  "nn_dist_test_mean": 0.05133074519112984,
  "mia_auc": 0.5098459799999999,
  "dist_train_mean": 0.05730345737274618,
  "dist_test_mean": 0.05830606441550606
}