{
  "run_id": "405cd27a-446d-4a88-8047-e33f54a443fc",
  "rows": [
    {
      "run_id": "405cd27a-446d-4a88-8047-e33f54a443fc",
      "generator": "GaussianCopula",
      "num_rows": 1000,
      "train_seconds": 7.54177188873291,
      "diagnostic_score": 0.9999782608695653,
      "quality_score": 0.8908717391304348,
      "diag_data_validity": 0.9999565217391305,
      "diag_data_structure": 1.0,
      "qual_column_shapes": 0.9654434782608695,
      "qual_column_pair_trends": 0.8163,
      "new_row_synthesis": 1.0,
      "table_structure": NaN,
      "baseline_auc": 0.6239168754926309,
      "tstr_auc": 0.5195714910450231,
      "tstr_f1": 0.0,
      "tstr_acc": 0.8884248796305394,
      "dp_max": 0.0,
      "baseline_dp_max": 0.0,
      "dp_amplification": 0.0,
      "synthetic_sample_csv": "/artifacts/405cd27a-446d-4a88-8047-e33f54a443fc/synthetic/GaussianCopula_sample.csv",
      "diagnostic_report_pkl": "/artifacts/405cd27a-446d-4a88-8047-e33f54a443fc/reports/sdmetrics/GaussianCopula_diagnostic_report.pkl",
      "quality_report_pkl": "/artifacts/405cd27a-446d-4a88-8047-e33f54a443fc/reports/sdmetrics/GaussianCopula_quality_report.pkl",
      "individual_column_metrics_csv": "/artifacts/405cd27a-446d-4a88-8047-e33f54a443fc/reports/details/GaussianCopula_individual_column_metrics.csv",
      "pair_corr_csv": "/artifacts/405cd27a-446d-4a88-8047-e33f54a443fc/reports/details/GaussianCopula_pair_correlation_similarity.csv",
      "pair_contingency_csv": "/artifacts/405cd27a-446d-4a88-8047-e33f54a443fc/reports/details/GaussianCopula_pair_contingency_similarity.csv"
    }
  ],
  "full": {
    "run_id": "405cd27a-446d-4a88-8047-e33f54a443fc",
    "num_rows": 1000,
    "subset_rows": 10000,
    "baseline": {
      "utility_real_to_real": {
        "auc": 0.6239168754926309,
        "f1": 0.0,
        "acc": 0.8884248796305394
      },
      "fairness_real_to_real": {
        "dp_max": 0.0
      }
    },
    "models": {
      "GaussianCopula": {
        "reports": {
          "diagnostic_score": 0.9999782608695653,
          "quality_score": 0.8908717391304348
        },
        "utility": {
          "baseline": {
            "auc": 0.6239168754926309,
            "f1": 0.0,
            "acc": 0.8884248796305394
          },
          "tstr": {
            "auc": 0.5195714910450231,
            "f1": 0.0,
            "acc": 0.8884248796305394
          }
        },
        "fairness": {
          "dp_max": 0.0,
          "dp_amplification": 0.0,
          "race": {
            "view": "race",
            "dp_diff": 0.0,
            "dp_ratio": NaN,
            "selection_rate_gap": 0.0,
            "error_rate_gap": 0.019916166546159422,
            "TPR_gap": 0.0,
            "FPR_gap": 0.0
          },
          "gender": {
            "view": "gender",
            "dp_diff": 0.0,
            "dp_ratio": NaN,
            "selection_rate_gap": 0.0,
            "error_rate_gap": 0.0019830251663033177,
            "TPR_gap": 0.0,
            "FPR_gap": 0.0
          },
          "intersection": {
            "view": "intersection",
            "dp_diff": 0.0,
            "dp_ratio": NaN,
            "selection_rate_gap": 0.0,
            "error_rate_gap": 0.13806193806193806,
            "TPR_gap": 0.0,
            "FPR_gap": 0.0
          }
        },
        "single_table_metrics": {
          "new_row_synthesis": 1.0,
          "table_structure": NaN
        },
        "artifacts": {
          "synthetic_sample_csv": "/artifacts/405cd27a-446d-4a88-8047-e33f54a443fc/synthetic/GaussianCopula_sample.csv",
          "diagnostic_report_pkl": "/artifacts/405cd27a-446d-4a88-8047-e33f54a443fc/reports/sdmetrics/GaussianCopula_diagnostic_report.pkl",
          "quality_report_pkl": "/artifacts/405cd27a-446d-4a88-8047-e33f54a443fc/reports/sdmetrics/GaussianCopula_quality_report.pkl",
          "individual_column_metrics_csv": "/artifacts/405cd27a-446d-4a88-8047-e33f54a443fc/reports/details/GaussianCopula_individual_column_metrics.csv",
          "pair_corr_csv": "/artifacts/405cd27a-446d-4a88-8047-e33f54a443fc/reports/details/GaussianCopula_pair_correlation_similarity.csv",
          "pair_contingency_csv": "/artifacts/405cd27a-446d-4a88-8047-e33f54a443fc/reports/details/GaussianCopula_pair_contingency_similarity.csv"
        }
      }
    }
  }
}