{
  "baseline": {
    "auc": 0.6239169241941356,
    "f1": 0.0,
    "acc": 0.8884248796305394
  },
  "tstr": {
    "auc": 0.5195712718882521,
    "f1": 0.0,
    "acc": 0.8884248796305394
  }
}