{
  "baseline": {
    "auc": 0.6225581035127592,
    "f1": 0.0,
    "acc": 0.8884248796305394
  },
  "tstr": {
    "auc": 0.5416598149737305,
    "f1": 0.008665511265164644,
    "acc": 0.8875896629655105
  }
}